Workbook

Sheet Hướng dẫn
B2: MẪU RA QUYẾT ĐỊNH DỰ BÁO
B3: Phiếu phê duyệt bổ sung hàng theo dự báo P10/P50/P90
B4: Kỳ dự báo 16 ngày: 31/07/2017 → 15/08/2017 · mô hình XGBoost · 1782 chuỗi · Cửa hàng: tất cả 54 · Nhóm hàng: tất cả 33 · Nhãn rủi ro: tất cả
B6: 1. Đọc dự báo | C6: Các cột nền xám (P10, P50, P90, mục tiêu A/B/C, đề xuất) lấy nguyên từ pipeline và được khóa. P50 là trung vị; khoảng P10–P90 kỳ vọng chứa khoảng 80% khả năng (bao phủ thực tế của lần chạy: 75,40%).
B7: 2. Nhập tồn kho thực | C7: Nhập 'Tồn kho thực tế' và 'Hàng đang về'. Nếu để trống, cột 'SL cần theo tồn thực' dùng số lượng đề xuất của pipeline (tính theo vị thế giả định 0,8 × P50).
B8: 3. Chọn quyết định | C8: Duyệt: đồng ý đề xuất · Điều chỉnh: đổi phương án hoặc số lượng · Từ chối: không bổ sung · Yêu cầu xem lại: cần thêm thông tin.
B9: 4. Chọn phương án | C9: A = mức P50 (tồn dư thấp, ~50% nguy cơ thiếu hàng) · B = q* = 0,75 (cân bằng Cu/Co) · C = P90 (bảo thủ) · Khác = tự nhập số lượng.
B10: 5. Ghi số lượng & lý do | C10: Nhập 'Số lượng cuối', 'Lý do', 'Người duyệt', 'Ngày duyệt'. Theo POL-HITL-001, mọi quyết định phải có người duyệt và lý do.
B11: 6. Kiểm soát tự động | C11: Cột 'Kiểm soát' cảnh báo khi thiếu lý do/người duyệt, số lượng cuối vượt mục tiêu P90 hoặc lệch hơn 30% so với nhu cầu theo tồn thực, và khi kịch bản khuyến mãi có ngoại suy.
B12: Giới hạn | C12: Chi phí Cu = 3, Co = 1 là giả định; không có giá bán, biên lợi nhuận, thời gian cung ứng thực. Kịch bản khuyến mãi là dự báo có điều kiện, không phải tác động nhân quả.
B14: Chú thích màu
C15: Dữ liệu dự báo – khóa
C16: Ô người lập kế hoạch nhập
C17: Công thức tự tính

Sheet Mẫu quyết định
A1: PHIẾU PHÊ DUYỆT BỔ SUNG HÀNG THEO DỰ BÁO
A2: Kỳ 31/07/2017 → 15/08/2017 · XGBoost · đơn vị: tổng 16 ngày · ô vàng = nhập
A3: THÔNG TIN DỰ BÁO (KHÓA) | R3: NGƯỜI LẬP KẾ HOẠCH NHẬP / TỰ TÍNH
A4: Ưu tiên # | B4: Mã phiếu | C4: Cửa hàng | D4: Nhóm hàng | E4: Nhãn rủi ro | F4: Tin cậy | G4: Mã lý do | H4: P10 kỳ | I4: P50 kỳ | J4: P90 kỳ | K4: Mục tiêu A (P50) | L4: Mục tiêu B (q*) | M4: Mục tiêu C (P90) | N4: PA đề xuất | O4: SL đề xuất (vị thế giả định) | P4: Khuyến mãi | Q4: Ngoại suy KM | R4: Tồn kho thực tế | S4: Hàng đang về | T4: Quyết định | U4: Phương án chọn | V4: Mục tiêu theo PA | W4: SL cần theo tồn thực | X4: Số lượng cuối | Y4: Chênh so với đề xuất | Z4: Lý do / ghi chú | AA4: Người duyệt | AB4: Ngày duyệt | AC4: Kiểm soát
A5: 1 | B5: DEC-S10-BEVERAGES | C5: 10 | D5: BEVERAGES | E5: HIGH | F5: THẤP | G5: RISK_HIGH · LARGE_SERIES | H5: 16082.914 | I5: 22172.715 | J5: 33099.208 | K5: 22172.715 | L5: 29001.773 | M5: 33099.208 | N5: C | O5: 15361.037 | P5: KHÔNG ĐỀ XUẤT TĂNG | Q5: Không | V5: =IF(U5="A",K5,IF(U5="B",L5,IF(U5="C",M5,IF(N5="A",K5,IF(N5="B",L5,M5))))) | W5: =IF(R5="",O5,MAX(V5-R5-N(S5),0)) | Y5: =IF(OR(X5="",W5=0),"",X5/W5-1) | AC5: =IF(T5="","Chưa quyết định",IF(OR(Z5="",AA5=""),"⚠ Thiếu lý do/người duyệt",IF(AND(X5<>"",N(X5)+N(R5)+N(S5)>M5*1.001,R5<>""),"⚠ Vượt mục tiêu P90",IF(AND(Y5<>"",ABS(N(Y5))>0.3),"⚠ Lệch > 30% so với nhu cầu",IF(Q5="Có","ℹ Kiểm tra ngoại suy KM","✓ Hợp lệ")))))
A6: 2 | B6: DEC-S54-GROCERY_I | C6: 54 | D6: GROCERY I | E6: MEDIUM | F6: TRUNG BÌNH | G6: RISK_MEDIUM · LARGE_SERIES | H6: 46293.951 | I6: 52973.686 | J6: 65109.331 | K6: 52973.686 | L6: 60558.464 | M6: 65109.331 | N6: C | O6: 22730.382 | P6: KHÔNG ĐỀ XUẤT TĂNG | Q6: Không | V6: =IF(U6="A",K6,IF(U6="B",L6,IF(U6="C",M6,IF(N6="A",K6,IF(N6="B",L6,M6))))) | W6: =IF(R6="",O6,MAX(V6-R6-N(S6),0)) | Y6: =IF(OR(X6="",W6=0),"",X6/W6-1) | AC6: =IF(T6="","Chưa quyết định",IF(OR(Z6="",AA6=""),"⚠ Thiếu lý do/người duyệt",IF(AND(X6<>"",N(X6)+N(R6)+N(S6)>M6*1.001,R6<>""),"⚠ Vượt mục tiêu P90",IF(AND(Y6<>"",ABS(N(Y6))>0.3),"⚠ Lệch > 30% so với nhu cầu",IF(Q6="Có","ℹ Kiểm tra ngoại suy KM","✓ Hợp lệ")))))
A7: 3 | B7: DEC-S31-BEVERAGES | C7: 31 | D7: BEVERAGES | E7: MEDIUM | F7: TRUNG BÌNH | G7: RISK_MEDIUM · LARGE_SERIES | H7: 45716.826 | I7: 52396.561 | J7: 64532.206 | K7: 52396.561 | L7: 59981.339 | M7: 64532.206 | N7: C | O7: 22614.957 | P7: KHÔNG ĐỀ XUẤT TĂNG | Q7: Không | V7: =IF(U7="A",K7,IF(U7="B",L7,IF(U7="C",M7,IF(N7="A",K7,IF(N7="B",L7,M7))))) | W7: =IF(R7="",O7,MAX(V7-R7-N(S7),0)) | Y7: =IF(OR(X7="",W7=0),"",X7/W7-1) | AC7: =IF(T7="","Chưa quyết định",IF(OR(Z7="",AA7=""),"⚠ Thiếu lý do/người duyệt",IF(AND(X7<>"",N(X7)+N(R7)+N(S7)>M7*1.001,R7<>""),"⚠ Vượt mục tiêu P90",IF(AND(Y7<>"",ABS(N(Y7))>0.3),"⚠ Lệch > 30% so với nhu cầu",IF(Q7="Có","ℹ Kiểm tra ngoại suy KM","✓ Hợp lệ")))))
A8: 4 | B8: DEC-S02-BEVERAGES | C8: 2 | D8: BEVERAGES | E8: MEDIUM | F8: TRUNG BÌNH | G8: RISK_MEDIUM · LARGE_SERIES | H8: 45168.172 | I8: 51847.907 | J8: 63983.552 | K8: 51847.907 | L8: 59432.685 | M8: 63983.552 | N8: C | O8: 22505.226 | P8: KHÔNG ĐỀ XUẤT TĂNG | Q8: Không | V8: =IF(U8="A",K8,IF(U8="B",L8,IF(U8="C",M8,IF(N8="A",K8,IF(N8="B",L8,M8))))) | W8: =IF(R8="",O8,MAX(V8-R8-N(S8),0)) | Y8: =IF(OR(X8="",W8=0),"",X8/W8-1) | AC8: =IF(T8="","Chưa quyết định",IF(OR(Z8="",AA8=""),"⚠ Thiếu lý do/người duyệt",IF(AND(X8<>"",N(X8)+N(R8)+N(S8)>M8*1.001,R8<>""),"⚠ Vượt mục tiêu P90",IF(AND(Y8<>"",ABS(N(Y8))>0.3),"⚠ Lệch > 30% so với nhu cầu",IF(Q8="Có","ℹ Kiểm tra ngoại suy KM","✓ Hợp lệ")))))
A9: 5 | B9: DEC-S29-BEVERAGES | C9: 29 | D9: BEVERAGES | E9: MEDIUM | F9: TRUNG BÌNH | G9: RISK_MEDIUM · LARGE_SERIES | H9: 44699.62 | I9: 51379.355 | J9: 63515 | K9: 51379.355 | L9: 58964.133 | M9: 63515 | N9: C | O9: 22411.516 | P9: KHÔNG ĐỀ XUẤT TĂNG | Q9: Không | V9: =IF(U9="A",K9,IF(U9="B",L9,IF(U9="C",M9,IF(N9="A",K9,IF(N9="B",L9,M9))))) | W9: =IF(R9="",O9,MAX(V9-R9-N(S9),0)) | Y9: =IF(OR(X9="",W9=0),"",X9/W9-1) | AC9: =IF(T9="","Chưa quyết định",IF(OR(Z9="",AA9=""),"⚠ Thiếu lý do/người duyệt",IF(AND(X9<>"",N(X9)+N(R9)+N(S9)>M9*1.001,R9<>""),"⚠ Vượt mục tiêu P90",IF(AND(Y9<>"",ABS(N(Y9))>0.3),"⚠ Lệch > 30% so với nhu cầu",IF(Q9="Có","ℹ Kiểm tra ngoại suy KM","✓ Hợp lệ")))))
A10: 6 | B10: DEC-S33-GROCERY_I | C10: 33 | D10: GROCERY I | E10: MEDIUM | F10: TRUNG BÌNH | G10: RISK_MEDIUM · LARGE_SERIES | H10: 44555.38 | I10: 51235.115 | J10: 63370.76 | K10: 51235.115 | L10: 58819.893 | M10: 63370.76 | N10: C | O10: 22382.668 | P10: KHÔNG ĐỀ XUẤT TĂNG | Q10: Không | V10: =IF(U10="A",K10,IF(U10="B",L10,IF(U10="C",M10,IF(N10="A",K10,IF(N10="B",L10,M10))))) | W10: =IF(R10="",O10,MAX(V10-R10-N(S10),0)) | Y10: =IF(OR(X10="",W10=0),"",X10/W10-1) | AC10: =IF(T10="","Chưa quyết định",IF(OR(Z10="",AA10=""),"⚠ Thiếu lý do/người duyệt",IF(AND(X10<>"",N(X10)+N(R10)+N(S10)>M10*1.001,R10<>""),"⚠ Vượt mục tiêu P90",IF(AND(Y10<>"",ABS(N(Y10))>0.3),"⚠ Lệch > 30% so với nhu cầu",IF(Q10="Có","ℹ Kiểm tra ngoại suy KM","✓ Hợp lệ")))))
A11: 7 | B11: DEC-S05-GROCERY_I | C11: 5 | D11: GROCERY I | E11: MEDIUM | F11: TRUNG BÌNH | G11: RISK_MEDIUM · LARGE_SERIES | H11: 43658.01 | I11: 50337.745 | J11: 62473.39 | K11: 50337.745 | L11: 57922.523 | M11: 62473.39 | N11: C | O11: 22203.194 | P11: KHÔNG ĐỀ XUẤT TĂNG | Q11: Không | V11: =IF(U11="A",K11,IF(U11="B",L11,IF(U11="C",M11,IF(N11="A",K11,IF(N11="B",L11,M11))))) | W11: =IF(R11="",O11,MAX(V11-R11-N(S11),0)) | Y11: =IF(OR(X11="",W11=0),"",X11/W11-1) | AC11: =IF(T11="","Chưa quyết định",IF(OR(Z11="",AA11=""),"⚠ Thiếu lý do/người duyệt",IF(AND(X11<>"",N(X11)+N(R11)+N(S11)>M11*1.001,R11<>""),"⚠ Vượt mục tiêu P90",IF(AND(Y11<>"",ABS(N(Y11))>0.3),"⚠ Lệch > 30% so với nhu cầu",IF(Q11="Có","ℹ Kiểm tra ngoại suy KM","✓ Hợp lệ")))))
A12: 8 | B12: DEC-S18-GROCERY_I | C12: 18 | D12: GROCERY I | E12: MEDIUM | F12: TRUNG BÌNH | G12: RISK_MEDIUM · LARGE_SERIES | H12: 42572.441 | I12: 49252.176 | J12: 61387.82 | K12: 49252.176 | L12: 56836.954 | M12: 61387.82 | N12: C | O12: 21986.08 | P12: KHÔNG ĐỀ XUẤT TĂNG | Q12: Không | V12: =IF(U12="A",K12,IF(U12="B",L12,IF(U12="C",M12,IF(N12="A",K12,IF(N12="B",L12,M12))))) | W12: =IF(R12="",O12,MAX(V12-R12-N(S12),0)) | Y12: =IF(OR(X12="",W12=0),"",X12/W12-1) | AC12: =IF(T12="","Chưa quyết định",IF(OR(Z12="",AA12=""),"⚠ Thiếu lý do/người duyệt",IF(AND(X12<>"",N(X12)+N(R12)+N(S12)>M12*1.001,R12<>""),"⚠ Vượt mục tiêu P90",IF(AND(Y12<>"",ABS(N(Y12))>0.3),"⚠ Lệch > 30% so với nhu cầu",IF(Q12="Có","ℹ Kiểm tra ngoại suy KM","✓ Hợp lệ")))))
A13: 9 | B13: DEC-S37-BEVERAGES | C13: 37 | D13: BEVERAGES | E13: MEDIUM | F13: TRUNG BÌNH | G13: RISK_MEDIUM · LARGE_SERIES | H13: 42154.802 | I13: 48834.538 | J13: 60970.182 | K13: 48834.538 | L13: 56419.315 | M13: 60970.182 | N13: C | O13: 21902.552 | P13: KHÔNG ĐỀ XUẤT TĂNG | Q13: Không | V13: =IF(U13="A",K13,IF(U13="B",L13,IF(U13="C",M13,IF(N13="A",K13,IF(N13="B",L13,M13))))) | W13: =IF(R13="",O13,MAX(V13-R13-N(S13),0)) | Y13: =IF(OR(X13="",W13=0),"",X13/W13-1) | AC13: =IF(T13="","Chưa quyết định",IF(OR(Z13="",AA13=""),"⚠ Thiếu lý do/người duyệt",IF(AND(X13<>"",N(X13)+N(R13)+N(S13)>M13*1.001,R13<>""),"⚠ Vượt mục tiêu P90",IF(AND(Y13<>"",ABS(N(Y13))>0.3),"⚠ Lệch > 30% so với nhu cầu",IF(Q13="Có","ℹ Kiểm tra ngoại suy KM","✓ Hợp lệ")))))
A14: 10 | B14: DEC-S41-BEVERAGES | C14: 41 | D14: BEVERAGES | E14: MEDIUM | F14: TRUNG BÌNH | G14: RISK_MEDIUM · LARGE_SERIES | H14: 42080.644 | I14: 48760.38 | J14: 60896.024 | K14: 48760.38 | L14: 56345.157 | M14: 60896.024 | N14: C | O14: 21887.72 | P14: KHÔNG ĐỀ XUẤT TĂNG | Q14: Không | V14: =IF(U14="A",K14,IF(U14="B",L14,IF(U14="C",M14,IF(N14="A",K14,IF(N14="B",L14,M14))))) | W14: =IF(R14="",O14,MAX(V14-R14-N(S14),0)) | Y14: =IF(OR(X14="",W14=0),"",X14/W14-1) | AC14: =IF(T14="","Chưa quyết định",IF(OR(Z14="",AA14=""),"⚠ Thiếu lý do/người duyệt",IF(AND(X14<>"",N(X14)+N(R14)+N(S14)>M14*1.001,R14<>""),"⚠ Vượt mục tiêu P90",IF(AND(Y14<>"",ABS(N(Y14))>0.3),"⚠ Lệch > 30% so với nhu cầu",IF(Q14="Có","ℹ Kiểm tra ngoại suy KM","✓ Hợp lệ")))))
A15: 11 | B15: DEC-S21-BEVERAGES | C15: 21 | D15: BEVERAGES | E15: MEDIUM | F15: TRUNG BÌNH | G15: RISK_MEDIUM · LARGE_SERIES | H15: 41961.246 | I15: 48640.981 | J15: 60776.626 | K15: 48640.981 | L15: 56225.759 | M15: 60776.626 | N15: C | O15: 21863.841 | P15: KHÔNG ĐỀ XUẤT TĂNG | Q15: Không | V15: =IF(U15="A",K15,IF(U15="B",L15,IF(U15="C",M15,IF(N15="A",K15,IF(N15="B",L15,M15))))) | W15: =IF(R15="",O15,MAX(V15-R15-N(S15),0)) | Y15: =IF(OR(X15="",W15=0),"",X15/W15-1) | AC15: =IF(T15="","Chưa quyết định",IF(OR(Z15="",AA15=""),"⚠ Thiếu lý do/người duyệt",IF(AND(X15<>"",N(X15)+N(R15)+N(S15)>M15*1.001,R15<>""),"⚠ Vượt mục tiêu P90",IF(AND(Y15<>"",ABS(N(Y15))>0.3),"⚠ Lệch > 30% so với nhu cầu",IF(Q15="Có","ℹ Kiểm tra ngoại suy KM","✓ Hợp lệ")))))
A16: 12 | B16: DEC-S36-BEVERAGES | C16: 36 | D16: BEVERAGES | E16: MEDIUM | F16: TRUNG BÌNH | G16: RISK_MEDIUM · LARGE_SERIES | H16: 41574.388 | I16: 48254.124 | J16: 60389.768 | K16: 48254.124 | L16: 55838.901 | M16: 60389.768 | N16: C | O16: 21786.469 | P16: KHÔNG ĐỀ XUẤT TĂNG | Q16: Không | V16: =IF(U16="A",K16,IF(U16="B",L16,IF(U16="C",M16,IF(N16="A",K16,IF(N16="B",L16,M16))))) | W16: =IF(R16="",O16,MAX(V16-R16-N(S16),0)) | Y16: =IF(OR(X16="",W16=0),"",X16/W16-1) | AC16: =IF(T16="","Chưa quyết định",IF(OR(Z16="",AA16=""),"⚠ Thiếu lý do/người duyệt",IF(AND(X16<>"",N(X16)+N(R16)+N(S16)>M16*1.001,R16<>""),"⚠ Vượt mục tiêu P90",IF(AND(Y16<>"",ABS(N(Y16))>0.3),"⚠ Lệch > 30% so với nhu cầu",IF(Q16="Có","ℹ Kiểm tra ngoại suy KM","✓ Hợp lệ")))))
... A1786: 1782 | B1786: DEC-S40-FROZEN_FOODS | C1786: 40 | D1786: FROZEN FOODS | E1786: MEDIUM | F1786: CAO | G1786: RISK_MEDIUM | H1786: 769.3434 | I1786: 1128.5111 | J1786: 1606.3933 | K1786: 1128.5111 | L1786: 1427.1875 | M1786: 1606.3933 | N1786: C | O1786: 703.58444 | P1786: CÂN NHẮC THỬ NGHIỆM | Q1786: Không | V1786: =IF(U1786="A",K1786,IF(U1786="B",L1786,IF(U1786="C",M1786,IF(N1786="A",K1786,IF(N1786="B",L1786,M1786))))) | W1786: =IF(R1786="",O1786,MAX(V1786-R1786-N(S1786),0)) | Y1786: =IF(OR(X1786="",W1786=0),"",X1786/W1786-1) | AC1786: =IF(T1786="","Chưa quyết định",IF(OR(Z1786="",AA1786=""),"⚠ Thiếu lý do/người duyệt",IF(AND(X1786<>"",N(X1786)+N(R1786)+N(S1786)>M1786*1.001,R1786<>""),"⚠ Vượt mục tiêu P90",IF(AND(Y1786<>"",ABS(N(Y1786))>0.3),"⚠ Lệch > 30% so với nhu cầu",IF(Q1786="Có","ℹ Kiểm tra ngoại suy KM","✓ Hợp lệ")))))

Sheet Tổng hợp
A1: Tổng hợp quyết định
A2: Tự cập nhật khi nhập ở sheet 'Mẫu quyết định'.
A4: Chỉ tiêu | B4: Giá trị | D4: Ghi chú
A5: Tổng số phiếu | B5: =ROWS('Mẫu quyết định'!$T$5:$T$1786) | D5: Tạo lúc 27/09/2026 19:59 từ outputs/ của pipeline (Stage 05, 07, 08).
A6: Đã quyết định | B6: =COUNTA('Mẫu quyết định'!$T$5:$T$1786) | D6: Sau khi duyệt, có thể nhập lại quyết định vào dashboard (trang 07) để ghi nhật ký HITL.
A7: Chưa quyết định | B7: =B5-B6
A8: Tỷ lệ hoàn thành | B8: =IF(B5=0,0,B6/B5)
A9: Số phiếu: Duyệt | B9: =COUNTIF('Mẫu quyết định'!$T$5:$T$1786,"Duyệt")
A10: Số phiếu: Điều chỉnh | B10: =COUNTIF('Mẫu quyết định'!$T$5:$T$1786,"Điều chỉnh")
A11: Số phiếu: Từ chối | B11: =COUNTIF('Mẫu quyết định'!$T$5:$T$1786,"Từ chối")
A12: Số phiếu: Yêu cầu xem lại | B12: =COUNTIF('Mẫu quyết định'!$T$5:$T$1786,"Yêu cầu xem lại")
A13: Tổng SL cần theo tồn thực | B13: =SUM('Mẫu quyết định'!$W$5:$W$1786)
A14: Tổng số lượng cuối đã duyệt | B14: =SUMIFS('Mẫu quyết định'!$X$5:$X$1786,'Mẫu quyết định'!$T$5:$T$1786,"Duyệt")+SUMIFS('Mẫu quyết định'!$X$5:$X$1786,'Mẫu quyết định'!$T$5:$T$1786,"Điều chỉnh")
A15: Số dòng có cảnh báo ⚠ | B15: =COUNTIF('Mẫu quyết định'!$AC$5:$AC$1786,"⚠*")
A16: Phiếu HIGH chưa quyết định | B16: =COUNTIFS('Mẫu quyết định'!$E$5:$E$1786,"HIGH",'Mẫu quyết định'!$T$5:$T$1786,"")
